Chapter,Category,BestPractice
Information Security Policies,Regular Review and Update,Assign responsibility: Designate a specific individual or team responsible for overseeing the review and update process to ensure accountability.
Information Security Policies,Regular Review and Update,Establish a schedule: Set specific dates or intervals for policy reviews to ensure they occur consistently. Consider aligning review dates with other organizational processes to streamline the process.
Information Security Policies,Regular Review and Update,Document changes: Keep detailed records of any updates or revisions made to the information security policy, including the reasons for the changes and any associated risks or considerations.
Information Security Policies,Regular Review and Update,Seek feedback: Encourage input from relevant stakeholders, such as IT personnel, legal experts, and department heads, to identify potential areas for improvement or updates.
Information Security Policies,Comprehensive Communication,Utilize multiple channels: Employ various communication channels, such as email, intranet announcements, staff meetings, and training sessions, to ensure the policy reaches all employees and external parties effectively.
Information Security Policies,Comprehensive Communication,Tailor messaging: Craft clear and concise messages tailored to different audiences, emphasizing the importance of compliance with the information security policy and any updates.
Information Security Policies,Comprehensive Communication,Provide resources: Offer supplementary materials, such as FAQs, training materials, and contact information for support, to help employees understand and adhere to the policy.
Information Security Policies,Comprehensive Communication,Encourage feedback: Create avenues for employees to ask questions or provide feedback about the policy, fostering a culture of transparency and continuous improvement.
Information Security Policies,Training and Awareness,Develop targeted training: Customize training programs to address specific roles, departments, or levels of expertise within the organization, ensuring relevance and effectiveness.
Information Security Policies,Training and Awareness,Utilize diverse formats: Offer training sessions in various formats, such as in-person workshops, online courses, interactive simulations, and informational videos, to accommodate different learning preferences.
Information Security Policies,Training and Awareness,Reinforce regularly: Provide regular reminders and updates on key security practices through email newsletters, posters, and intranet announcements to reinforce awareness and promote consistent adherence.
Information Security Policies,Training and Awareness,Measure effectiveness: Implement assessments or quizzes to gauge employees' understanding of security policies and procedures, using the results to identify areas for improvement and tailor future training initiatives.
Information Security Policies,Incident Response Inclusion,Develop a response plan: Create a comprehensive incident response plan outlining roles, responsibilities, escalation procedures, and communication protocols to ensure a coordinated and effective response to security incidents.
Information Security Policies,Incident Response Inclusion,Test regularly: Conduct regular drills or simulations to test the effectiveness of the incident response plan and identify any gaps or areas for improvement.
Information Security Policies,Incident Response Inclusion,Provide training: Offer training sessions or resources to educate employees on how to recognize, report, and respond to security incidents promptly and appropriately.
Information Security Policies,Incident Response Inclusion,Continuously improve: Review and update the incident response plan regularly based on lessons learned from past incidents, emerging threats, and changes in the organizational environment or technology landscape.
Asset Management,Asset Inventory,Automated tools: Utilize automated asset management tools or software to facilitate the tracking and monitoring of both physical and cloud-based assets. These tools can help streamline the inventory process and ensure accuracy.
Asset Management,Asset Inventory,Regular audits: Conduct regular audits of the asset inventory to verify its completeness and accuracy. Schedule these audits at predefined intervals or in response to significant changes in the organization's infrastructure.
Asset Management,Asset Inventory,Incorporate metadata: Enhance the asset inventory with additional metadata, such as asset location, configuration details, and associated dependencies, to provide a comprehensive view of each asset's characteristics and context.
Asset Management,Asset Inventory,Integration with other systems: Integrate the asset inventory with other systems, such as configuration management databases (CMDBs) or IT service management (ITSM) platforms, to facilitate cross-referencing and ensure consistency across organizational processes.
Asset Management,Ownership and Responsibility,Document roles and responsibilities: Clearly document and communicate the roles and responsibilities of individuals or teams responsible for asset ownership, management, and maintenance. Ensure that these responsibilities are aligned with organizational policies and objectives.
Asset Management,Ownership and Responsibility,Implement access controls: Enforce access controls to restrict unauthorized access to sensitive assets and ensure that only authorized personnel can modify or manage asset information.
Asset Management,Ownership and Responsibility,Regular reviews: Conduct periodic reviews of asset ownership assignments to ensure alignment with organizational changes, such as personnel movements or departmental restructuring.
Asset Management,Ownership and Responsibility,Escalation procedures: Establish escalation procedures for resolving disputes or issues related to asset ownership or responsibility, providing a clear process for addressing conflicts or uncertainties.
Asset Management,Classification and Control,Standardized classification criteria: Develop standardized criteria for classifying assets based on their sensitivity, criticality, and regulatory requirements. Ensure that these criteria are consistently applied across all asset types and locations.
Asset Management,Classification and Control,Tailored security controls: Customize security controls based on the classification of assets, implementing more stringent controls for high-risk assets and aligning controls with relevant regulatory requirements or industry standards.
Asset Management,Classification and Control,Regular assessments: Conduct regular risk assessments to evaluate the effectiveness of existing security controls and identify areas where additional measures may be needed to mitigate emerging threats or vulnerabilities.
Asset Management,Classification and Control,Continuous monitoring: Implement continuous monitoring processes to track changes in asset classification, assess evolving security risks, and adapt security controls accordingly to maintain an appropriate level of protection.
Asset Management,Secure Decommissioning,Formal decommissioning process: Establish a formal process for decommissioning assets, including procedures for data sanitization, physical destruction, and asset disposal. Ensure that these procedures are clearly documented and consistently followed.
Asset Management,Secure Decommissioning,Verification of decommissioning: Implement verification mechanisms to confirm that assets have been properly decommissioned and removed from service. This may include audit trails, certification records, or confirmation from relevant stakeholders.
Asset Management,Secure Decommissioning,Data retention policies: Define data retention policies that specify the minimum retention periods for different types of data and assets, ensuring compliance with legal and regulatory requirements while minimizing the risk of data exposure.
Asset Management,Secure Decommissioning,Environmental considerations: Consider environmental factors when decommissioning assets, such as proper recycling or disposal methods for electronic equipment, to minimize the organization's environmental impact and comply with applicable regulations.
Access Control,Least Privilege,Role-based access control (RBAC): Implement RBAC policies to assign access rights based on predefined roles within the organization. Regularly review and update these roles to ensure they align with current job responsibilities and organizational changes.
Access Control,Least Privilege,Just-in-time access: Utilize just-in-time access mechanisms to grant temporary access rights only when needed, reducing the risk of prolonged exposure to sensitive resources.
Access Control,Least Privilege,Principle of necessity: Apply the principle of necessity when granting access rights, ensuring that users have access only to the minimum set of resources required to perform their job functions effectively.
Access Control,Least Privilege,Access recertification: Establish processes for periodic access recertification, requiring users and their managers to review and validate their access rights regularly to identify and remove any unnecessary permissions.
Access Control,Authentication Mechanisms,Biometric authentication: Implement biometric authentication methods, such as fingerprint or facial recognition, to enhance the security of authentication mechanisms and reduce the risk of unauthorized access.
Access Control,Authentication Mechanisms,Single sign-on (SSO): Deploy SSO solutions to streamline authentication processes and reduce the burden of managing multiple sets of credentials for different systems and services.
Access Control,Authentication Mechanisms,Adaptive authentication: Utilize adaptive authentication techniques that dynamically adjust the level of authentication based on contextual factors, such as user location, device characteristics, and behavior patterns.
Access Control,Authentication Mechanisms,Continuous authentication: Implement continuous authentication mechanisms that monitor user activity throughout the session to detect anomalies or suspicious behavior indicative of unauthorized access attempts.
Access Control,Regular Audits and Reviews,Automated monitoring: Implement automated monitoring tools and systems to continuously monitor access controls and permissions, generating alerts for any unauthorized or suspicious activities.
Access Control,Regular Audits and Reviews,Periodic reviews: Conduct periodic reviews of access controls and permissions, leveraging both manual inspections and automated tools to ensure compliance with least privilege principles and organizational policies.
Access Control,Regular Audits and Reviews,Segregation of duties (SoD): Implement SoD policies to prevent conflicts of interest and enforce separation between incompatible roles or responsibilities, reducing the risk of unauthorized access or misuse of privileges.
Access Control,Regular Audits and Reviews,Documentation and documentation: Maintain detailed documentation of access control policies, procedures, and configurations, facilitating audits and reviews while ensuring transparency and accountability.
Access Control,Incident Preparedness,Intrusion detection systems (IDS): Deploy IDS solutions to monitor network traffic and identify potential unauthorized access attempts or security breaches in real-time, enabling prompt incident response actions.
Access Control,Incident Preparedness,Security incident response plan: Develop a comprehensive security incident response plan outlining procedures for detecting, reporting, and responding to unauthorized access incidents. Regularly test and update this plan to ensure its effectiveness and relevance.
Access Control,Incident Preparedness,Incident response team: Establish an incident response team comprising individuals with relevant expertise and authority to coordinate and execute response efforts effectively in the event of unauthorized access incidents.
Access Control,Incident Preparedness,Post-incident analysis: Conduct post-incident analysis and lessons learned sessions following unauthorized access incidents to identify root causes, evaluate response effectiveness, and implement corrective actions to prevent recurrence.
Incident Management,Comprehensive Incident Response Plan,Cloud-specific considerations: Incorporate cloud-specific procedures and considerations into your incident response plan, such as identifying key contacts at cloud service providers, understanding data residency and jurisdictional issues,
Incident Management,Comprehensive Incident Response Plan,understanding data residency and jurisdictional issues, and outlining procedures for handling incidents involving cloud-based resources.
Incident Management,Comprehensive Incident Response Plan,Integration with existing plans: Ensure that the incident response plan integrates seamlessly with other organizational plans, such as business continuity and disaster recovery plans, to provide a coordinated approach to managing incidents across different scenarios.
Incident Management,Comprehensive Incident Response Plan,Escalation procedures: Define clear escalation procedures for escalating incidents within the organization and to relevant external parties, such as law enforcement or regulatory authorities, as necessary.
Incident Management,Comprehensive Incident Response Plan,Regular review and updates: Regularly review and update the incident response plan to reflect changes in the organizational environment, technology landscape, regulatory requirements, and lessons learned from previous incidents.
Incident Management,Regular Testing,Tabletop exercises: Conduct tabletop exercises to simulate various incident scenarios and test the effectiveness of the incident response plan, ensuring that all employees understand their roles and responsibilities.
Incident Management,Regular Testing,Simulated incidents: Stage simulated incidents, such as phishing attacks or ransomware infections, to evaluate the organization's response capabilities, identify gaps or weaknesses, and provide hands-on training for incident responders.
Incident Management,Regular Testing,Capture lessons learned: Document lessons learned from each testing exercise, including strengths, weaknesses, and areas for improvement, and use this feedback to refine the incident response plan and enhance response capabilities over time.
Incident Management,Regular Testing,Incorporate feedback: Solicit feedback from participants involved in testing exercises to gather insights into their experiences and perspectives, enabling continuous improvement of the incident response process.
Incident Management,Communication Strategy,Internal reporting channels: Establish clear channels and procedures for reporting incidents internally within the organization, including contact information for incident response team members and designated points of contact.
Incident Management,Communication Strategy,External communication protocols: Define protocols for communicating incidents to external stakeholders, such as customers, partners, regulatory authorities, and the media, ensuring transparency and compliance with legal and regulatory requirements.
Incident Management,Communication Strategy,Timely notifications: Implement procedures to ensure timely notifications of incidents, including predefined notification thresholds and escalation paths based on incident severity and impact.
Incident Management,Communication Strategy,Message consistency: Coordinate messaging across internal and external communications channels to ensure consistency and accuracy in the information shared with different stakeholders during and after an incident.
Incident Management,Post-Incident Analysis,Root cause analysis: Conduct a thorough root cause analysis to identify the underlying causes and contributing factors that led to the incident, enabling corrective actions to address systemic issues and prevent recurrence.
Incident Management,Post-Incident Analysis,Lessons learned documentation: Document lessons learned from each incident, including successes, challenges, and areas for improvement, and use this information to update the incident response plan and enhance response capabilities.
Incident Management,Post-Incident Analysis,Continuous improvement: Use post-incident analysis findings to drive continuous improvement initiatives, such as revising procedures, updating training materials, or implementing additional security controls, to strengthen the organization's overall resilience to future incidents.
Incident Management,Post-Incident Analysis,Incident debriefings: Conduct debriefing sessions with incident response team members and other relevant stakeholders to discuss the incident response process, share insights and observations, and identify opportunities for enhancement.
Compliance,Regular Compliance Audits,Compliance calendar: Develop a compliance calendar that outlines the schedule for regular audits, assessments, and reviews to ensure comprehensive coverage of all relevant laws, regulations, and standards, including those specific to cloud computing.
Compliance,Regular Compliance Audits,Automated compliance monitoring: Implement automated tools and systems to monitor compliance with relevant laws, regulations, and standards, generating reports and alerts for potential non-compliance issues that require attention.
Compliance,Regular Compliance Audits,External audit assistance: Engage external auditors or consultants with expertise in cloud compliance to conduct independent audits and assessments, providing impartial evaluations of your organization's compliance posture and identifying areas for improvement.
Compliance,Regular Compliance Audits,Continuous improvement: Use audit findings and recommendations as opportunities for continuous improvement, updating policies, procedures, and controls to address identified gaps and enhance compliance effectiveness over time.
Compliance,Training and Awareness,Role-based training: Tailor compliance training programs to different roles within the organization, providing targeted content relevant to employees' specific responsibilities and compliance requirements.
Compliance,Training and Awareness,Interactive training methods: Incorporate interactive training methods, such as simulations, case studies, and scenario-based exercises, to engage employees and reinforce key compliance concepts effectively.
Compliance,Training and Awareness,Regular refresher courses: Offer regular refresher courses or updates on compliance requirements to ensure that employees stay informed about changes in laws, regulations, and industry standards that may impact their roles.
Compliance,Training and Awareness,Metrics and assessments: Measure the effectiveness of compliance training programs through assessments, surveys, or quizzes, tracking participation rates and knowledge retention to identify areas for improvement.
Compliance,Data Sovereignty and Protection,Data mapping and classification: Conduct a thorough assessment of data assets to identify sensitive or regulated data and map their geographic locations to ensure compliance with data sovereignty requirements.
Compliance,Data Sovereignty and Protection,Encryption and tokenization: Implement encryption and tokenization techniques to protect data both in transit and at rest, ensuring compliance with data protection laws and regulations, especially in multi-national cloud environments.
Compliance,Data Sovereignty and Protection,Contractual safeguards: Include contractual clauses and agreements with cloud service providers to enforce data protection and sovereignty requirements, specifying data handling, storage, and transfer restrictions based on legal and regulatory obligations.
Compliance,Data Sovereignty and Protection,Incident response preparedness: Incorporate data sovereignty considerations into the incident response plan, including procedures for responding to data breaches or incidents involving cross-border data transfers while maintaining compliance with applicable laws and regulations.
Compliance,Third-Party Management,Vendor risk assessments: Develop a structured vendor risk assessment process to evaluate third-party service providers' compliance with your organization's security and compliance standards, including regular reviews of vendor contracts and security posture assessments.
Compliance,Third-Party Management,Compliance verification: Require third-party service providers to provide evidence of compliance with relevant laws, regulations, and industry standards through certifications, audit reports, or attestations, ensuring alignment with your organization's compliance requirements.
Compliance,Third-Party Management,Ongoing monitoring: Implement ongoing monitoring processes to track third-party service providers' compliance status and performance over time, identifying any changes or issues that may impact your organization's security and compliance posture.
Compliance,Third-Party Management,Contractual obligations: Establish clear contractual obligations and responsibilities for third-party service providers regarding compliance with security and compliance standards, including provisions for audits, incident reporting, and remediation of non-compliance issues.
